{"cameraMode":{"drawMode":0,"name":"Shaded","section":"Shading Mode"},"sceneLighting":false,"audioPlay":false,"sceneViewState":{"showFog":true,"showMaterialUpdate":true,"showSkybox":false,"showFlares":true,"showImageEffects":true,"showParticleSystems":true},"in2DMode":false,"pivot":{"x":0.5377078056335449,"y":1.0320403575897217,"z":1.595693826675415},"rotation":{"x":0.08173815906047821,"y":-0.5445990562438965,"z":0.05343915522098541,"w":0.8330396413803101},"size":7.713319778442383,"orthographic":false}