{"cameraMode":{"drawMode":0,"name":"Shaded","section":"Shading Mode"},"sceneLighting":true,"audioPlay":false,"sceneViewState":{"showFog":false,"showMaterialUpdate":false,"showSkybox":true,"showFlares":false,"showImageEffects":false,"showParticleSystems":false},"in2DMode":false,"pivot":{"x":79.43573760986328,"y":-5.380279064178467,"z":64.61528015136719},"rotation":{"x":-0.23998725414276124,"y":-0.572802722454071,"z":0.18021395802497865,"w":-0.7628050446510315},"size":80.36399841308594,"orthographic":false}