{"cameraMode":{"drawMode":0,"name":"Shaded","section":"Shading Mode"},"sceneLighting":true,"audioPlay":false,"sceneViewState":{"showFog":false,"showMaterialUpdate":false,"showSkybox":true,"showFlares":false,"showImageEffects":false,"showParticleSystems":false},"in2DMode":false,"pivot":{"x":18.154788970947267,"y":-9.847026824951172,"z":-6.2653350830078129},"rotation":{"x":-0.03842718154191971,"y":0.9539427161216736,"z":-0.26278936862945559,"w":-0.13949325680732728},"size":103.21886444091797,"orthographic":false}