{"cameraMode":{"drawMode":0,"name":"Shaded","section":"Shading Mode"},"sceneLighting":true,"audioPlay":false,"sceneViewState":{"showFog":false,"showMaterialUpdate":false,"showSkybox":true,"showFlares":false,"showImageEffects":false,"showParticleSystems":false},"in2DMode":false,"pivot":{"x":16.506114959716798,"y":-6.433966636657715,"z":14.979816436767579},"rotation":{"x":-0.2277953326702118,"y":-0.0008795502944849432,"z":0.0002040264953393489,"w":-0.9737217426300049},"size":17.28264045715332,"orthographic":false}