{"cameraMode":{"drawMode":0,"name":"Shaded","section":"Shading Mode"},"sceneLighting":true,"audioPlay":false,"sceneViewState":{"showFog":false,"showMaterialUpdate":false,"showSkybox":true,"showFlares":false,"showImageEffects":false,"showParticleSystems":false},"in2DMode":false,"pivot":{"x":-10.67805290222168,"y":23.038724899291993,"z":-42.63648986816406},"rotation":{"x":-0.0040413797833025459,"y":-0.9938689470291138,"z":0.0387805812060833,"w":-0.10354097187519074},"size":68.1739501953125,"orthographic":false}