{"cameraMode":{"drawMode":0,"name":"Shaded","section":"Shading Mode"},"sceneLighting":true,"audioPlay":false,"sceneViewState":{"showFog":false,"showMaterialUpdate":false,"showSkybox":true,"showFlares":false,"showImageEffects":false,"showParticleSystems":false},"in2DMode":false,"pivot":{"x":17.893566131591798,"y":29.25489044189453,"z":-37.115081787109378},"rotation":{"x":-0.0040413797833025459,"y":-0.9938689470291138,"z":0.0387805812060833,"w":-0.10354097187519074},"size":51.828922271728519,"orthographic":false}