{"cameraMode":{"drawMode":0,"name":"Shaded","section":"Shading Mode"},"sceneLighting":true,"audioPlay":false,"sceneViewState":{"showFog":false,"showMaterialUpdate":false,"showSkybox":true,"showFlares":false,"showImageEffects":false,"showParticleSystems":false},"in2DMode":false,"pivot":{"x":14.186870574951172,"y":4.217118740081787,"z":0.2164936065673828},"rotation":{"x":-0.030897194519639016,"y":-0.2370033711194992,"z":0.007542263250797987,"w":-0.9709907174110413},"size":5.134321212768555,"orthographic":false}