{"cameraMode":{"drawMode":0,"name":"Shaded","section":"Shading Mode"},"sceneLighting":true,"audioPlay":false,"sceneViewState":{"showFog":false,"showMaterialUpdate":false,"showSkybox":true,"showFlares":false,"showImageEffects":false,"showParticleSystems":false},"in2DMode":false,"pivot":{"x":-0.318004846572876,"y":2.276695489883423,"z":78.52628326416016},"rotation":{"x":-0.019669393077492715,"y":-0.48543065786361697,"z":0.010922227054834366,"w":-0.8739960193634033},"size":16.044404983520509,"orthographic":false}