{"cameraMode":{"drawMode":0,"name":"Shaded","section":"Shading Mode"},"sceneLighting":true,"audioPlay":false,"sceneViewState":{"showFog":false,"showMaterialUpdate":false,"showSkybox":true,"showFlares":false,"showImageEffects":false,"showParticleSystems":false},"in2DMode":false,"pivot":{"x":0.44527649879455569,"y":-0.7560830116271973,"z":5.291888236999512},"rotation":{"x":0.0091318991035223,"y":0.9573850035667419,"z":-0.28706178069114687,"w":0.030455894768238069},"size":11.738177299499512,"orthographic":false}