{"cameraMode":{"drawMode":0,"name":"Shaded","section":"Shading Mode"},"sceneLighting":true,"audioPlay":false,"sceneViewState":{"showFog":false,"showMaterialUpdate":false,"showSkybox":true,"showFlares":false,"showImageEffects":false,"showParticleSystems":false},"in2DMode":false,"pivot":{"x":-0.2527243494987488,"y":2.286839485168457,"z":-0.0075969696044921879},"rotation":{"x":-0.06621576845645905,"y":-0.9174070358276367,"z":0.3534633219242096,"w":-0.17110347747802735},"size":3.182880163192749,"orthographic":false}