{"cameraMode":{"drawMode":0,"name":"Shaded","section":"Shading Mode"},"sceneLighting":true,"audioPlay":false,"sceneViewState":{"showFog":false,"showMaterialUpdate":false,"showSkybox":true,"showFlares":false,"showImageEffects":false,"showParticleSystems":false},"in2DMode":false,"pivot":{"x":-5.488949775695801,"y":6.906367301940918,"z":-1.435612440109253},"rotation":{"x":-0.17009536921977998,"y":-0.695705771446228,"z":0.17473533749580384,"w":-0.6758509874343872},"size":4.455201625823975,"orthographic":false}