{"cameraMode":{"drawMode":0,"name":"Shaded","section":"Shading Mode"},"sceneLighting":true,"audioPlay":false,"sceneViewState":{"showFog":false,"showMaterialUpdate":false,"showSkybox":true,"showFlares":false,"showImageEffects":false,"showParticleSystems":false},"in2DMode":false,"pivot":{"x":1.0431883335113526,"y":1.6416544914245606,"z":0.45016276836395266},"rotation":{"x":-0.12728136777877809,"y":-0.862755537033081,"z":0.26706814765930178,"w":-0.41030946373939516},"size":19.062965393066408,"orthographic":false}