{"cameraMode":{"drawMode":0,"name":"Shaded","section":"Shading Mode"},"sceneLighting":true,"audioPlay":false,"sceneViewState":{"showFog":false,"showMaterialUpdate":false,"showSkybox":true,"showFlares":false,"showImageEffects":false,"showParticleSystems":false},"in2DMode":false,"pivot":{"x":2.4955270290374758,"y":0.27222537994384768,"z":-1.2299566268920899},"rotation":{"x":0.20137663185596467,"y":0.7617565989494324,"z":-0.27909207344055178,"w":0.5490598082542419},"size":7.936226844787598,"orthographic":false}