{"cameraMode":{"drawMode":0,"name":"Shaded","section":"Shading Mode"},"sceneLighting":true,"audioPlay":false,"sceneViewState":{"showFog":false,"showMaterialUpdate":false,"showSkybox":true,"showFlares":false,"showImageEffects":false,"showParticleSystems":false},"in2DMode":false,"pivot":{"x":4.196464538574219,"y":5.142176151275635,"z":-2.6471314430236818},"rotation":{"x":-0.15538398921489716,"y":-0.5889461636543274,"z":0.11630675941705704,"w":-0.7846737504005432},"size":16.171911239624025,"orthographic":false}