{"cameraMode":{"drawMode":0,"name":"Shaded","section":"Shading Mode"},"sceneLighting":true,"audioPlay":false,"sceneViewState":{"showFog":false,"showMaterialUpdate":false,"showSkybox":true,"showFlares":false,"showImageEffects":false,"showParticleSystems":false},"in2DMode":false,"pivot":{"x":0.8705220222473145,"y":0.880362868309021,"z":-0.8857624530792236},"rotation":{"x":0.36747658252716067,"y":0.4570450186729431,"z":-0.2150556594133377,"w":0.7809483408927918},"size":13.594667434692383,"orthographic":false}