{"cameraMode":{"drawMode":0,"name":"Shaded","section":"Shading Mode"},"sceneLighting":true,"audioPlay":false,"sceneViewState":{"showFog":false,"showMaterialUpdate":false,"showSkybox":true,"showFlares":false,"showImageEffects":false,"showParticleSystems":false},"in2DMode":false,"pivot":{"x":1.5608453750610352,"y":0.13501548767089845,"z":0.02657639980316162},"rotation":{"x":0.17680108547210694,"y":0.8096302151679993,"z":-0.305036336183548,"w":0.46928316354751589},"size":13.294718742370606,"orthographic":false}