{"cameraMode":{"drawMode":0,"name":"Shaded","section":"Shading Mode"},"sceneLighting":true,"audioPlay":false,"sceneViewState":{"showFog":false,"showMaterialUpdate":false,"showSkybox":true,"showFlares":false,"showImageEffects":false,"showParticleSystems":false},"in2DMode":false,"pivot":{"x":2.039487600326538,"y":0.5579798817634583,"z":-1.3987643718719483},"rotation":{"x":0.20585040748119355,"y":0.5995919108390808,"z":-0.16321127116680146,"w":0.756024956703186},"size":11.820600509643555,"orthographic":false}