{"cameraMode":{"drawMode":0,"name":"Shaded","section":"Shading Mode"},"sceneLighting":true,"audioPlay":false,"sceneViewState":{"showFog":false,"showMaterialUpdate":false,"showSkybox":true,"showFlares":false,"showImageEffects":false,"showParticleSystems":false},"in2DMode":false,"pivot":{"x":-3.053145408630371,"y":5.0923614501953129,"z":-0.01125335693359375},"rotation":{"x":-0.10925832390785217,"y":0.7688635587692261,"z":-0.136583149433136,"w":-0.6150377988815308},"size":11.854639053344727,"orthographic":false}