{"cameraMode":{"drawMode":0,"name":"Shaded","section":"Shading Mode"},"sceneLighting":true,"audioPlay":false,"sceneViewState":{"showFog":false,"showMaterialUpdate":false,"showSkybox":true,"showFlares":false,"showImageEffects":false,"showParticleSystems":false},"in2DMode":false,"pivot":{"x":-9.966794967651368,"y":3.1071925163269045,"z":10.580375671386719},"rotation":{"x":-0.13490940630435944,"y":0.8479756712913513,"z":-0.25843188166618349,"w":-0.44275909662246706},"size":10.012914657592774,"orthographic":false}