{"cameraMode":{"drawMode":0,"name":"Shaded","section":"Shading Mode"},"sceneLighting":true,"audioPlay":false,"sceneViewState":{"showFog":false,"showMaterialUpdate":false,"showSkybox":true,"showFlares":false,"showImageEffects":false,"showParticleSystems":false},"in2DMode":false,"pivot":{"x":1.1714999675750733,"y":0.4313344955444336,"z":1.962493896484375},"rotation":{"x":0.0730515718460083,"y":0.9178497195243836,"z":-0.3348431885242462,"w":0.20024409890174867},"size":16.680192947387697,"orthographic":false}