{"cameraMode":{"drawMode":0,"name":"Shaded","section":"Shading Mode"},"sceneLighting":true,"audioPlay":false,"sceneViewState":{"showFog":false,"showMaterialUpdate":false,"showSkybox":true,"showFlares":false,"showImageEffects":false,"showParticleSystems":false},"in2DMode":false,"pivot":{"x":-6.400919437408447,"y":2.375594139099121,"z":6.320858478546143},"rotation":{"x":-0.13490940630435944,"y":0.8479756712913513,"z":-0.25843188166618349,"w":-0.44275909662246706},"size":11.63637924194336,"orthographic":false}